Text,Tag,Markers
Decent,,my_messages_csv
"Yup
",,my_messages_csv
"Ok
",answer,my_messages_csv
No,,my_messages_csv
Lol,,my_messages_csv
Also,,my_messages_csv
Now,,my_messages_csv
Yes,,my_messages_csv
Noooo,,my_messages_csv
Very good,,my_messages_csv
All good,answer,my_messages_csv
I think so,answer,my_messages_csv
Yep,answer,my_messages_csv
Nope,answer,my_messages_csv
How?,question,my_messages_csv
What does that mean?,question,my_messages_csv
Why?,question,my_messages_csv
Cool,,my_messages_csv
?,statement,my_messages_csv
Wow,answer,my_messages_csv
.,statement,my_messages_csv
Discord,statement,my_messages_csv
Lovely,,my_messages_csv
Sure,answer,my_messages_csv
Problem,answer,my_messages_csv
Calm,answer,my_messages_csv
Easily,answer,my_messages_csv
Sad,,my_messages_csv
Sick,,my_messages_csv
Actually,answer,my_messages_csv
Oh,answer,my_messages_csv
Yeah,answer,my_messages_csv
Look,statement,my_messages_csv
"What?
",,my_messages_csv
"OMG!
",,my_messages_csv
"WOW
",answer,my_messages_csv
Which one?,question,my_messages_csv
Come back ,statement,my_messages_csv
Coming back ,statement,my_messages_csv
Still working ,answer,my_messages_csv
oooo,,my_messages_csv
"I love this
",,my_messages_csv
yo,statement,my_messages_csv
How are you,question,my_messages_csv
Done for the day ,,my_messages_csv
Damnnnn,,my_messages_csv
Omggg,answer,my_messages_csv
Woah,,my_messages_csv
??,,my_messages_csv
How much?,question,my_messages_csv
Have fun,answer,my_messages_csv
0.6,,my_messages_csv
But ,,my_messages_csv
Not sure,,my_messages_csv
Nuts,,my_messages_csv
Jack,statement,my_messages_csv
Hahaha,,my_messages_csv
So funny,,my_messages_csv
Lit,answer,my_messages_csv
Same,answer,my_messages_csv
Omggggg,answer,my_messages_csv
Thats crazy,answer,my_messages_csv
Not yet,answer,my_messages_csv
Thats awesome,answer,my_messages_csv
Nah,answer,my_messages_csv
Soon,,my_messages_csv
Here,,my_messages_csv
Yo,,my_messages_csv
#NAME?,question,my_messages_csv
That was insane,answer,my_messages_csv
How was it,question,my_messages_csv
Oh ok,answer,my_messages_csv
Its so cool,answer,my_messages_csv
Totally,answer,my_messages_csv
Or,,my_messages_csv
Ohhhh,,my_messages_csv
Search,statement,my_messages_csv
Yikes,answer,my_messages_csv
I mean,answer,my_messages_csv
Hahahaha,,my_messages_csv
Work,statement,my_messages_csv
Covered,,my_messages_csv
Ooooo,,my_messages_csv
No idea,,my_messages_csv
6?,question,my_messages_csv
Hahahah,,my_messages_csv
What time?,question,my_messages_csv
Yeah lol,answer,my_messages_csv
Jacob,statement,my_messages_csv
15 mins,,my_messages_csv
Oh yes,answer,my_messages_csv
LETS GO,,my_messages_csv
Im in,statement,my_messages_csv
Hell yes,answer,my_messages_csv
Time?,question,my_messages_csv
-2,statement,my_messages_csv
Matt,,my_messages_csv
Already did,answer,my_messages_csv
lollll,,my_messages_csv
Oh yeah,answer,my_messages_csv
"Ah gotcha

",,my_messages_csv
"I am back

",statement,my_messages_csv
No pressure,,my_messages_csv
Check this out,statement,my_messages_csv
Qualifications,,my_messages_csv
Lmaooooo,,my_messages_csv
Guess what,question,my_messages_csv
Its new,,my_messages_csv
Bet,,my_messages_csv
Coming soon,,my_messages_csv
Go for it,,my_messages_csv
Lets go,,my_messages_csv
I need to,,my_messages_csv
This is me,,my_messages_csv
  Yes I did ,answer,my_messages_csv
  Look at this  ,statement,my_messages_csv
Ue,,my_messages_csv
black?,question,my_messages_csv
Y?,question,my_messages_csv
Oh really?,question,my_messages_csv
Afternoon,answer,my_messages_csv
Gotcha,,my_messages_csv
Lovey,answer,my_messages_csv
Umar,statement,my_messages_csv
Kohl,statement,my_messages_csv
Yeeee,,my_messages_csv
Ye,answer,my_messages_csv
Poo,statement,my_messages_csv
My bad,answer,my_messages_csv
Now?,,my_messages_csv
South Africa,statement,my_messages_csv
I am now,,my_messages_csv
Say,statement,my_messages_csv
IMO,answer,my_messages_csv
Call now,,my_messages_csv
 Yeo,answer,my_messages_csv
 Not easy,answer,my_messages_csv
Slab,,my_messages_csv
Tonight,,my_messages_csv
Confirmed,answer,my_messages_csv
Lets do it,,my_messages_csv
No clue,answer,my_messages_csv
I got it,,my_messages_csv
Probably,answer,my_messages_csv
Im on ps4,statement,my_messages_csv
Im here,statement,my_messages_csv
 Ok thats fine,answer,my_messages_csv
  March,answer,my_messages_csv
Looking forward to speaking with you soon!,statement,my_messages_csv
Start,statement,my_messages_csv
Really easy,answer,my_messages_csv
Im back,statement,my_messages_csv
You alright?,question,my_messages_csv
Still here,statement,my_messages_csv
you should try it,answer,my_messages_csv
How long?,question,my_messages_csv
What was it?,question,my_messages_csv
Btw,,my_messages_csv
I am online,statement,my_messages_csv
ooooooo,,my_messages_csv
Hes,,my_messages_csv
perfecy,answer,my_messages_csv
Mid day,,my_messages_csv
0.4,,my_messages_csv
Sock,,my_messages_csv
Google maps,statement,my_messages_csv
Coming,statement,my_messages_csv
Cum,,my_messages_csv
And it was,answer,my_messages_csv
And wow,answer,my_messages_csv
But no worries,answer,my_messages_csv
ETA?,question,my_messages_csv
Boosting,,my_messages_csv
I guarantee you will love it,,my_messages_csv
crafting,statement,my_messages_csv
Trying to,,my_messages_csv
Discord?,question,my_messages_csv
 20 mins ,answer,my_messages_csv
 Leaving now,,my_messages_csv
 I have no clue,answer,my_messages_csv
 Coming now,,my_messages_csv
 Whats the price?,question,my_messages_csv
 U there? ,question,my_messages_csv
 There isnt ,,my_messages_csv
 If u want,answer,my_messages_csv
Crunchyroll,statement,my_messages_csv
Almost home,statement,my_messages_csv
I could do that,answer,my_messages_csv
At 6pm,,my_messages_csv
We can try it,,my_messages_csv
Just now,,my_messages_csv
Again*,,my_messages_csv
Apparently not,answer,my_messages_csv
Up to u,answer,my_messages_csv
If thats ok,question,my_messages_csv
Im home now,statement,my_messages_csv
How about,answer,my_messages_csv
Check this,statement,my_messages_csv
Am?,question,my_messages_csv
That looks so good,,my_messages_csv
 Thats fair,answer,my_messages_csv
 Just read it,,my_messages_csv
Warzone?,question,my_messages_csv
11pm,,my_messages_csv
Run as admin,statement,my_messages_csv
No but,,my_messages_csv
Ok coming,answer,my_messages_csv
Minecraft?,question,my_messages_csv
Leaving soon,statement,my_messages_csv
In what?,question,my_messages_csv
Yeah no,answer,my_messages_csv
Ask her,answer,my_messages_csv
Having dinner,answer,my_messages_csv
Wow crazy video,answer,my_messages_csv
umar,statement,my_messages_csv
Not yet. Almost,answer,my_messages_csv
Baccano,statement,my_messages_csv
Whats this?,question,my_messages_csv
That would be hilarious,answer,my_messages_csv
Thats pretty sad,answer,my_messages_csv
GME,statement,my_messages_csv
Big difference,answer,my_messages_csv
Ah dang ,answer,my_messages_csv
I would be down ,,my_messages_csv
Haha whys that? ,,my_messages_csv
U up?,question,my_messages_csv
Inside? ,question,my_messages_csv
Gimme 30 ,answer,my_messages_csv
So down ,,my_messages_csv
Later* ,,my_messages_csv
Lmk what she says ,statement,my_messages_csv
Rn?,question,my_messages_csv
This happens occasionally ,,my_messages_csv
Im down,answer,my_messages_csv
Sicko mode,answer,my_messages_csv
"Bialetti Moka Express StoveTop Coffee maker, 3-Cup, Aluminum Silver",statement,my_messages_csv
I can help u,answer,my_messages_csv
Big yikes,,my_messages_csv
Made mistake,,my_messages_csv
Nah lol,answer,my_messages_csv
Plex server,,my_messages_csv
4anime.to,statement,my_messages_csv
Looks so fun,,my_messages_csv
Oh defo it was very weird dream,,my_messages_csv
Nope I found it ,answer,my_messages_csv
I noticed btw,,my_messages_csv
U can use it ,statement,my_messages_csv
I will hop on soon lemme pop ,answer,my_messages_csv
Just need to help fatherlord ,statement,my_messages_csv
Might have to be like 5:30?,answer,my_messages_csv
amazon best seller,statement,my_messages_csv
Guess how much my camera is,question,my_messages_csv
I did u proud,,my_messages_csv
-black beast*,,my_messages_csv
Also I got the green light for Wednesday gym any time,answer,my_messages_csv
As in that was a bench day I record all my lifts that day ,,my_messages_csv
Yeah I lowkey annihilated it,answer,my_messages_csv
Because my friend said it goes from shitty to really good if u put antenna on ,,my_messages_csv
That chiya chai place looked fire but ,,my_messages_csv
Sorry in a warzone,answer,my_messages_csv
Easily do it tbh ,answer,my_messages_csv
Watching some haiku atm pc is off,statement,my_messages_csv
"Yeah np, just in general",,my_messages_csv
That looks Peng,answer,my_messages_csv
I think I can around like 2-3 ish,,my_messages_csv
Also ask if we can give her ,answer,my_messages_csv
See if they have a webpage ,statement,my_messages_csv
Without fire breath best is Origin 12,statement,my_messages_csv
Btw u must have run the virus,,my_messages_csv
like If u wanna do stuff instead idc,,my_messages_csv
Ooo I should sell ,answer,my_messages_csv
Literally they know everything ,answer,my_messages_csv
Also I lowkey want a vertical monitor,answer,my_messages_csv
Basically api can pull into if u wanted me to do anything for u ,,my_messages_csv
That sub is gonna get nuked 100%,answer,my_messages_csv
I might just buy one tbh,answer,my_messages_csv
https://vm.tiktok.com/J8gKSWw/,statement,my_messages_csv
Check the overal KD of the lobby ,,my_messages_csv
I invested last January and sold aftwr the huge crash and then bought again ,statement,my_messages_csv
Seagate BarraCuda 2TB Internal Hard Drive HDD – 3...,statement,my_messages_csv
At kindred coffee roasters,answer,my_messages_csv
"Yo what anime have u been watching lately? I need something to watch, something addictive",question,my_messages_csv
Can u find out where ur mum got that nice smelling tag ,question,my_messages_csv
In that game I never like fought a 1v1 against a bot,,my_messages_csv
Thats the coffee,,my_messages_csv
What workout tomorrow?,question,my_messages_csv
He was in the worst prison in the USA with all these davins ,,my_messages_csv
How did u not know lol that it was fake,question,my_messages_csv
Might not be good for voltage but I just wanna do it,answer,my_messages_csv
Matt says its as good as 3-5 cups of coffee in one shot,statement,my_messages_csv
2k typically split between the top 3 ,,my_messages_csv
Urs is 1080p tho ,answer,my_messages_csv
WITH fire breath rounds ,,my_messages_csv
I think I can do that ,answer,my_messages_csv
And starts to slowly go up ,statement,my_messages_csv
All the rest are recent,,my_messages_csv
If u want to do duos we can ,question,my_messages_csv
We started to fight people after,,my_messages_csv
I need to make a malware,statement,my_messages_csv
Yo u up?,,my_messages_csv
My boar,statement,my_messages_csv
Wait is that a group chat?,question,my_messages_csv
I think it came out yesterday,,my_messages_csv
I wanted to build this,answer,my_messages_csv
U home already??,question,my_messages_csv
No lol I was trolling,answer,my_messages_csv
I think ur better than Danny ,answer,my_messages_csv
We should buy some of everything ,statement,my_messages_csv
Not run but will ,answer,my_messages_csv
Yeah I think thats fine tbh,answer,my_messages_csv
U look up Mumbai elevator ,statement,my_messages_csv
Black and whote,statement,my_messages_csv
Text me when ur on mic I mean,answer,my_messages_csv
Lmk if u can go to like naff naff ,statement,my_messages_csv
On isnta,,my_messages_csv
Friday 12?,question,my_messages_csv
I can call them too ,,my_messages_csv
Nah sniping only works how I do it ,,my_messages_csv
We can do weird starts,,my_messages_csv
Not sure I will see,answer,my_messages_csv
Tbh I can make mine pretty small issue is that I kinda need to compartmentalism it,answer,my_messages_csv
Cuz she knows how weird covid is with school ,,my_messages_csv
No rush m8 no rush at all ,,my_messages_csv
How far is my house usually?,question,my_messages_csv
 The only way we could do it is if we got rich enough not to work,answer,my_messages_csv
U got clothes?,question,my_messages_csv
And tell her not to tell anyone,statement,my_messages_csv
Hold up gtg real quick ,,my_messages_csv
I sent ur sister cat falling 20 story mall ,statement,my_messages_csv
Mild fever ,,my_messages_csv
Ramram bday ,statement,my_messages_csv
And honey pot AMA,answer,my_messages_csv
https://open.spotify.com/playlist/2euSJkdjGElaxzoTkQWWJU?si=j1VuSL8IQwW9CSL0TKK79Q,,my_messages_csv
I heard its really good,,my_messages_csv
I said I got 2 drinks and 2 chips,,my_messages_csv
Come scrims?,,my_messages_csv
Is it bad good?,,my_messages_csv
A process,,my_messages_csv
Pretend the voice was his,statement,my_messages_csv
It sounds like,answer,my_messages_csv
But esp32 is has a lot more capabilities,answer,my_messages_csv
Which link is it?,question,my_messages_csv
Meet to be there by 11:10,statement,my_messages_csv
In basement ,answer,my_messages_csv
Some of those proofs u just gotta google,,my_messages_csv
Indians but ENDians because we want the Indians to END!,statement,my_messages_csv
Love the persistence,answer,my_messages_csv
Invited Allen over to my place,statement,my_messages_csv
Either I can hack em ,,my_messages_csv
So if ur there by 7 we Gucci ,,my_messages_csv
"Not in a technical way, more in a personal way ",answer,my_messages_csv
Listen to the first 15 seconds,,my_messages_csv
"Hi Ebrahim,",statement,my_messages_csv
I already worked with Reddit api also ,statement,my_messages_csv
U can return it btw for one u like,statement,my_messages_csv
Look at the caption,statement,my_messages_csv
- Lead a small group of campers (around 10) from the comfort of your home! ,statement,my_messages_csv
How did the deal go?,question,my_messages_csv
https://vm.tiktok.com/Je32Pck/,statement,my_messages_csv
The rest of my money gonna go in Apple for a slow climb but Apple bad today so I will wait,,my_messages_csv
Check the train times,statement,my_messages_csv
Just had my zoom call,statement,my_messages_csv
It has because,answer,my_messages_csv
Ooo we should go rainbow coffee,statement,my_messages_csv
If u wanna sub in ,question,my_messages_csv
Let me see pictures?,question,my_messages_csv
It shows as an option ,,my_messages_csv
Lmk when u touch hard,statement,my_messages_csv
Like mentally he was messed up back then ,,my_messages_csv
and this was what I did for peace,answer,my_messages_csv
Keep this info to urself btw ,,my_messages_csv
I have to do that again ,,my_messages_csv
Umar look at mine in action,statement,my_messages_csv
Wanna watch boruto today?,question,my_messages_csv
Sure discord server?,question,my_messages_csv
Which club?,question,my_messages_csv
Sure call me when ready,,my_messages_csv
Can u get on discord for a second?,question,my_messages_csv
post it on our sub?,,my_messages_csv
Can go to the absolute moon btw ,statement,my_messages_csv
- Competitive rates of $20-40/hr (with potential to earn bonuses),statement,my_messages_csv
Lemme get my 15,,my_messages_csv
What do u think of this game?,question,my_messages_csv
So I guess they noticed ,statement,my_messages_csv
What did I say ,question,my_messages_csv
Lmk if u left,statement,my_messages_csv
Or be here by 5 so we can do asr,,my_messages_csv
YeH I had that happen too ,answer,my_messages_csv
U wanna talk now?,question,my_messages_csv
Oh o ,answer,my_messages_csv
"Ohhhh, is 12 good or ud rather a dif day ",answer,my_messages_csv
my PR match for war zone got up to 88% of KDs,,my_messages_csv
"Yeah I heard some clicking in my Wu tang mix, but it was just my player",answer,my_messages_csv
Do u see top right,question,my_messages_csv
starbucks (good quality hit or miss sometimes tho),answer,my_messages_csv
This mod makes it all not fun ,,my_messages_csv
rich democrats,,my_messages_csv
But alvis coming @1:30,,my_messages_csv
Have u tried?,question,my_messages_csv
"I just wire like this, then I put code in",,my_messages_csv
I feel like you look so unique the might not want u,answer,my_messages_csv
Cool I might,answer,my_messages_csv
I think like 500 split between the 2,answer,my_messages_csv
https://www.youtube.com/watch?v=wehpnRLj1ys&feature=youtu.be,,my_messages_csv
Experience with Zoom or similar platforms preferred.,statement,my_messages_csv
https://youtu.be/uyJ4GUftgVk,statement,my_messages_csv
I think ATH very quickly then a small crash where the paper hands leave and the a solid bull to a big staple number ,statement,my_messages_csv
Game? The ,question,my_messages_csv
But we make jokes,,my_messages_csv
Brickhaus allows guest free on Wednesday,statement,my_messages_csv
With a new friend of mine,statement,my_messages_csv
umar its our dream but,statement,my_messages_csv
I have a twitter bot and I saw it and checked if it was good,,my_messages_csv
Nah maybe u just ask how they know,,my_messages_csv
Like Eema with her boyfriends who suicided,,my_messages_csv
"Sorry, I can''t talk right now.",,my_messages_csv
Bench 185 x 8,statement,my_messages_csv
Log(1/9) = xlog(3),statement,my_messages_csv
Mum said she wants to come over can u ask ur parents? And if I come shall we cat poo?,question,my_messages_csv
Is it different from urs btw?,question,my_messages_csv
It actually helps u correct he form ,answer,my_messages_csv
Going to come to urs tomorrow inshallah,statement,my_messages_csv
If u wanna,question,my_messages_csv
Imma edit u one,,my_messages_csv
Is my water bottle at ur house?,question,my_messages_csv
Connor mcgregor,statement,my_messages_csv
Or how far is work from my area?,,my_messages_csv
https://vm.tiktok.com/ZMdWyeqrh/,,my_messages_csv
People load old school games on it and then add controllers and a small tv etc,,my_messages_csv
Can u drop a link of what ur looking at rn?,question,my_messages_csv
Rainbow coffee,statement,my_messages_csv
Cuz I have the paddles,answer,my_messages_csv
Yo just driving ,answer,my_messages_csv
Oh yeah the nujabes ,,my_messages_csv
Also did u see the tiktok I sent?,question,my_messages_csv
Or split between,answer,my_messages_csv
That was a beautiful time we had,,my_messages_csv
Possibly Curtis,answer,my_messages_csv
Race?,question,my_messages_csv
Ok gimme 1 min ,answer,my_messages_csv
Lemme check I might have work  earlier ,,my_messages_csv
and if its a long question u shorten question,statement,my_messages_csv
s30,,my_messages_csv
Hes gotta be a new teacher,,my_messages_csv
Better than the ones in Wheaton by a lot,answer,my_messages_csv
What resource,question,my_messages_csv
What u planning to watch?,question,my_messages_csv
Yeah I have a good idea for it,answer,my_messages_csv
Cool ask em if they know where,,my_messages_csv
did u sleep now?,question,my_messages_csv
Oh ok bet,answer,my_messages_csv
Google says 45,answer,my_messages_csv
dunkin (if u make it right its good cheap),,my_messages_csv
Some fam over I will after,answer,my_messages_csv
Not at all in warzone ,,my_messages_csv
Damn**,answer,my_messages_csv
According to google maps,,my_messages_csv
They are better for u obviously,answer,my_messages_csv
Cuz my parents snooped my card transaction ,answer,my_messages_csv
Did U see inuyashiki?,question,my_messages_csv
Yes Umar I can ,,my_messages_csv
I recommended her god of highschool ,statement,my_messages_csv
I might just put the 80$ left into Microsoft actually,,my_messages_csv
Wanna watch mcgregor foght?,question,my_messages_csv
Varsity Tutors is looking for experts like you to teach engaging online summer camps. Camps are an opportunity for K-12 students to engage in summer camp fun and adventure online!,statement,my_messages_csv
Nah use the one I just sent to ,answer,my_messages_csv
Ok this guy is so stupid with the heart,,my_messages_csv
Yeah just got back ,,my_messages_csv
I will ebraMAr also,,my_messages_csv
Lmao umar that was is hilarious,answer,my_messages_csv
Also I need to teach u this method of trading (stocks/crypto) ,answer,my_messages_csv
So if u wanna watch feel free,question,my_messages_csv
I can do 245 rn ,answer,my_messages_csv
ONE OF THE BEST IVE SEEN,,my_messages_csv
I think Chegg will go up 10-15% in the next 15 days,,my_messages_csv
8:30 tomorrow,answer,my_messages_csv
Looool thats what happens in hxh at the end,,my_messages_csv
The house were going to ,,my_messages_csv
No rush m8 was calling back from after exam,answer,my_messages_csv
With seeb if u wanna cum ,statement,my_messages_csv
In a few mins,,my_messages_csv
Yeah I thought so same with me,answer,my_messages_csv
Small chnage ,,my_messages_csv
"Question before this, why do u want a second keyboard? As a macropod?",question,my_messages_csv
For some reason it looked like Afghanistan tbh ,,my_messages_csv
That was amazing just sent it to my friend,,my_messages_csv
Heard ur going to tenessse. Will u make a stop to China bizarre?,question,my_messages_csv
Need u more energized than yesterday,statement,my_messages_csv
https://youtu.be/a36BxWJKuDY,statement,my_messages_csv
WORSE THAN THIS TEAM,,my_messages_csv
U going today??,question,my_messages_csv
Yeah just know im next to my family,answer,my_messages_csv
What do u think?,question,my_messages_csv
Gonna put screenshots in discord,,my_messages_csv
I believe in the movement but first let me cover my losses,,my_messages_csv
Switch that tin yresistor ,,my_messages_csv
Lowkey u wanna Dota?,question,my_messages_csv
Whatever is on the way ,answer,my_messages_csv
The whole tourney??,answer,my_messages_csv
When I get my coffee we go,statement,my_messages_csv
And pretty small ,,my_messages_csv
Let me check karak chai times,,my_messages_csv
I can probably play 1,answer,my_messages_csv
"Going coffee tomorrow morning, feel free to come no pressure tho I just wanted to include u incase u wanted to",statement,my_messages_csv
U should ask ,answer,my_messages_csv
This time ur ok but ,,my_messages_csv
Tell hammad to look at whatsapp ,statement,my_messages_csv
It looks like chicken btw lol,answer,my_messages_csv
Because it was said based on idolism ,,my_messages_csv
I might not play tonight btw,,my_messages_csv
Bench 185 x 10,statement,my_messages_csv
https://open.spotify.com/playlist/1UUYS6cbxKnxWMkYiYcWHu?si=LiBqGt9_SQy3z4KNfIvgnA&dl_branch=1,statement,my_messages_csv
Oh wow ur gonna make major bread,answer,my_messages_csv
And mine right after,,my_messages_csv
Umar look at their graph since ,statement,my_messages_csv
Umar I did not mean to thumbs  down ur Reddit link lol ,,my_messages_csv
I got out tho I cba ,answer,my_messages_csv
I think it might need to be a different day ,,my_messages_csv
We might be going out for food so maybe a no go ,answer,my_messages_csv
Just wondering If you could link me ur website u used to make clothes,question,my_messages_csv
Do they pay?,question,my_messages_csv
https://drive.google.com/drive/folders/1G793abjhFPgRG8QPsFHtxXGevfcSYVlC?usp=sharing,statement,my_messages_csv
Gonna get off soz ,,my_messages_csv
Ima do war pigs black sabbath as one,statement,my_messages_csv
To have .5% lyres ,,my_messages_csv
But he found function fine ,,my_messages_csv
Did u wanna meet there by 11?,question,my_messages_csv
Can I start here? 47 mins,question,my_messages_csv
Sorry my bad I forgot lol,,my_messages_csv
Already on it nig nog,,my_messages_csv
Try and find it uncensored,,my_messages_csv
Duos but lemme finish some anime,,my_messages_csv
Or 40 seconds,answer,my_messages_csv
In the end the real world will destroy u if u cheated in the wrong way ,,my_messages_csv
DM her exactly at 6pm,,my_messages_csv
So you have some colour to associate with,answer,my_messages_csv
i think its full release,answer,my_messages_csv
If u feel awk with those 2,,my_messages_csv
Should we wait?,question,my_messages_csv
88% currently tho,,my_messages_csv
It is a metra ,,my_messages_csv
U Gucci ,answer,my_messages_csv
And so we can do work arounds,,my_messages_csv
We can buy tonight not rn,answer,my_messages_csv
I could try that ,answer,my_messages_csv
Pretty long and annoying tho ,answer,my_messages_csv
And then I did log(3),,my_messages_csv
Someone sent me this,,my_messages_csv
Never heard about it,,my_messages_csv
Imagine waking up 6:30 and until -10pm u have to do stuff like,answer,my_messages_csv
Are UK people still on!,question,my_messages_csv
I think I can get us some free money ,,my_messages_csv
On my Reddit feed,,my_messages_csv
I need to be around u for these,statement,my_messages_csv
Tim the tat man got hacked like u once a while ago but the guy was inside his computer live and was just meaning him ,statement,my_messages_csv
CQC?,,my_messages_csv
My B ,,my_messages_csv
For some reason it stopped working,answer,my_messages_csv
Try texting me to remind,,my_messages_csv
"Flexible schedule and day time availability. Camps will run each week Monday through Friday throughout June, July and some of August. ",statement,my_messages_csv
Gimme a minute,,my_messages_csv
Lemme do namaz,,my_messages_csv
Tell them I want it as hot as the waitress,statement,my_messages_csv
Bruh Umar ,statement,my_messages_csv
Idols are irrelevant now,statement,my_messages_csv
I have researched and ,statement,my_messages_csv
Wanna start an anime?,question,my_messages_csv
I can tell thats not how store eggs look,,my_messages_csv
Basically I pop some code into a Arduino and then it should activate whatever I need to activate,statement,my_messages_csv
Hey hammad umm can u plz bring the handcuffs and can u be a bit more rough this time?,question,my_messages_csv
Ur 5 credit hours class in 8 weeks is 14houra a week ,statement,my_messages_csv
And to over prepare at first ,,my_messages_csv
Nope but I might just cop it tho ,answer,my_messages_csv
Can u cop some water melon?,question,my_messages_csv
The siblings locked him in there,answer,my_messages_csv
Playing seeb ,statement,my_messages_csv
https://youtu.be/RTXS4MMngnA,statement,my_messages_csv
Thought u would be interested,statement,my_messages_csv
Alone by themselves ,answer,my_messages_csv
Send me songs U want for next Samantha ,,my_messages_csv
Birthday is at 12am,,my_messages_csv
Naff naff?,,my_messages_csv
I probably can but I would want of a specific measurement to fit the servo (motor),,my_messages_csv
I could do it on discord in front of u later I have another camera ,,my_messages_csv
a bit delayed but no worries,answer,my_messages_csv
For millions of dollars in cigars ,,my_messages_csv
the ps5 is coming in the mail,,my_messages_csv
Umar come to me,statement,my_messages_csv
I got to talk to Hak and then drive to coffee,,my_messages_csv
Apparently thats how u do solder ,answer,my_messages_csv
Nah imagine ,answer,my_messages_csv
Just text me whenever u wanna btw,,my_messages_csv
This game is infuriating ,,my_messages_csv
We both heisted a place ,statement,my_messages_csv
4 lions,statement,my_messages_csv
x = log(1/9)/log3,statement,my_messages_csv
Have temperature ,statement,my_messages_csv
They crashed the server ,statement,my_messages_csv
Text me when her,statement,my_messages_csv
Make sure u both run alias ,,my_messages_csv
You write test cases in every single function and you test all possible things that could wreck the code. Then in the test case u can find exactly what function gets rekt on and how it gets rekt,,my_messages_csv
And what did u use to make it?,question,my_messages_csv
"No worries, reply whenever",,my_messages_csv
And type Chegg before the question,statement,my_messages_csv
"RRR3+XX Warrenville, Illinois",,my_messages_csv
The best cigar was worth 35k but we were just gonna cell it ,,my_messages_csv
I need some songs for another montage of ours,,my_messages_csv
"Wonder why, maybe by chance ",question,my_messages_csv
Text me when game ends I might be able to play from toilet,statement,my_messages_csv
Gimme 2 mins,,my_messages_csv
Hammad asked me lol ,answer,my_messages_csv
Maybe weekend?,question,my_messages_csv
I mean how u do antenna,question,my_messages_csv
Yep horrible,answer,my_messages_csv
Entirely musks faukt btw ,answer,my_messages_csv
Sure soon just came home gonna shower,answer,my_messages_csv
Switch that tiny resistor to the other side,,my_messages_csv
The photos I got are SO HARD,statement,my_messages_csv
Or the plates forks knifes ,,my_messages_csv
Just came across a video of exactly that,answer,my_messages_csv
And we can watch a movie where it does something funny at midnight,statement,my_messages_csv
I will link u ,answer,my_messages_csv
5$ for battery pack,statement,my_messages_csv
"675 N Wells St, Chicago, IL 60654",,my_messages_csv
At least to some friends and family ,answer,my_messages_csv
6 Mins ,,my_messages_csv
Bro my body hurts so much ,statement,my_messages_csv
He said lots of people got peakyd ,,my_messages_csv
Slow method,statement,my_messages_csv
How many shares do u have?,question,my_messages_csv
Can u link?,question,my_messages_csv
For our people,statement,my_messages_csv
Endiro?,question,my_messages_csv
I take heli do supply runs ,statement,my_messages_csv
U should say ,statement,my_messages_csv
No worries m8,,my_messages_csv
Ofc they will ,answer,my_messages_csv
Danielle at Varsity Tutors,statement,my_messages_csv
Nah what is it?,question,my_messages_csv
U need to make a community because ,statement,my_messages_csv
And market is shut over weekend,answer,my_messages_csv
Yeah I just made my coffee,,my_messages_csv
Nobody replied I looked,statement,my_messages_csv
If we can find super cheap chocolates,answer,my_messages_csv
I would have definitely come ,,my_messages_csv
I asked for a job in that video ,statement,my_messages_csv
I want a beast killer,statement,my_messages_csv
Yeah scans all ,answer,my_messages_csv
Then I set up equation ,,my_messages_csv
I think u can only solo rush specific buildings,,my_messages_csv
Like cd inside and then record to a cassette?,question,my_messages_csv
Samantha has been slightly compromised,statement,my_messages_csv
Discord mod,statement,my_messages_csv
Fills ,,my_messages_csv
Id say do it veritcally and maybe put tape on them,answer,my_messages_csv
Dmd u,statement,my_messages_csv
Had a weird dream last night that ,statement,my_messages_csv
Or pita house,,my_messages_csv
"I saw your profile on WayUp, and it stood out as being a great fit for my position, online Minecraft Summer Camp Leader.",statement,my_messages_csv
Are u keeping ur ps5 controller?,question,my_messages_csv
Yeah we can look into it,,my_messages_csv
Lmao I meant start watching one ,answer,my_messages_csv
Oh yes u got new engine!,statement,my_messages_csv
If he got Trojan he ran something but plutonium is 100% safe,,my_messages_csv
Biggest tank ,question,my_messages_csv
No clue next time u come by ,answer,my_messages_csv
U at the park,question,my_messages_csv
And in the basement it was pretty bad,answer,my_messages_csv
Just shower ,,my_messages_csv
Had a fire in their server room ,statement,my_messages_csv
I just meant in general ,answer,my_messages_csv
Player info etc,statement,my_messages_csv
Why WZ?,question,my_messages_csv
Lmk if u wanna go some,statement,my_messages_csv
https://www.reddit.com/r/ECE/comments/lsgl30/hello_everyone_heres_just_something_ive_worked/?utm_source=share&utm_medium=ios_app&utm_name=iossmf,statement,my_messages_csv
The gunshot,answer,my_messages_csv
Bench 185 x 4,statement,my_messages_csv
"Oh, how long?",question,my_messages_csv
Yeah u gone,,my_messages_csv
"God of highschool, for me, has potential to take a top 5 spot",statement,my_messages_csv
Specifically today,answer,my_messages_csv
Bet I think this is what I need,,my_messages_csv
I wish I was war torn like Tommy,,my_messages_csv
Did he say this on discord,question,my_messages_csv
Can I call in 5?,question,my_messages_csv
Anos voldigoad or whatever the spelling is,,my_messages_csv
YouTube it its so funny,answer,my_messages_csv
In fact very easy to know where our base is ,answer,my_messages_csv
Gonna make this a desk fan for now reason ,,my_messages_csv
Wdym???,,my_messages_csv
New gme,statement,my_messages_csv
"148 W Washington St, West Chicago, IL 60185",,my_messages_csv
Wanna try a level up guns fast technique ,question,my_messages_csv
The discord one?,question,my_messages_csv
https://open.spotify.com/track/42oB7qwNxmP3iMsTr3PllC?si=2LI-XvXxQT-I8ZoUyzYLQQ&dl_branch=1,statement,my_messages_csv
Or should I bring headphones ,,my_messages_csv
I woulda quit earlier to play but,answer,my_messages_csv
Going in,statement,my_messages_csv
Where did you get your power rack from?,question,my_messages_csv
And also do u likes shows where main character is super OP?,question,my_messages_csv
Hammad playing,answer,my_messages_csv
I found the problem (most likely),answer,my_messages_csv
We should say something really pervy ,statement,my_messages_csv
I knew it was but,,my_messages_csv
Something relatable to u ,statement,my_messages_csv
For reference parasyte is a 8.8 or something and naruto shippuden is an 8.2 and my hero season 5 is a 7.52,,my_messages_csv
My mum just said 3 years ago he totally started getting rekt ,,my_messages_csv
Also u wanna grab a coffee sometime this week?,question,my_messages_csv
I have a glitch for free warzone wins ,statement,my_messages_csv
You told me while ago that u wanted to make a log cabin from scratch and you saw a guy on YouTube making one,statement,my_messages_csv
I saw 2 snaps a mid,,my_messages_csv
She could be a rat ,answer,my_messages_csv
It is now .77 avg KD,answer,my_messages_csv
Umar I had the most insane dream last night,statement,my_messages_csv
Maybe jug?,question,my_messages_csv
Imagine being amazing and then u play with ,statement,my_messages_csv
Like huge tank today,,my_messages_csv
"VV7Q+R6 Wheaton, Illinois",statement,my_messages_csv
Tbh so long the DMR Is the metà there is no reason to level up anything else,answer,my_messages_csv
What they do is slowly rack up a case,answer,my_messages_csv
Gonna go gun ,,my_messages_csv
Ur dads?,question,my_messages_csv
But if u have Amazon prime,answer,my_messages_csv
I got 4 kills with heli off spawn ,statement,my_messages_csv
Sure i just need to shower,,my_messages_csv
I just finished the funny bot game ,statement,my_messages_csv
Lowkey someone got injured ,,my_messages_csv
But it might be too late,answer,my_messages_csv
Grand mosque ,statement,my_messages_csv
Gonna be soon ,answer,my_messages_csv
A : u gotta do it fast,,my_messages_csv
Cod scrims today?,question,my_messages_csv
Monday tho,answer,my_messages_csv
Tbh its alright not insane or anything,answer,my_messages_csv
I have room for u,statement,my_messages_csv
Allegro (high quality expensive),,my_messages_csv
But how do you go to the gym when Allen is in Chicago?,question,my_messages_csv
Listening to it rn ,,my_messages_csv
Parents suspected Samantha ,statement,my_messages_csv
Theoretically it is halal,,my_messages_csv
4:30 maybe 4:45,answer,my_messages_csv
Like pretty good,answer,my_messages_csv
Nvm did not make mistake ,,my_messages_csv
Yeah just making food,answer,my_messages_csv
https://www.reddit.com/r/ActualPublicFreakouts/comments/l20gi8/a_double_suicide_bombing_just_happened_in_baghdad/?utm_source=share&utm_medium=ios_app&utm_name=iossmf,statement,my_messages_csv
So Umar I think we should buy a lyres,statement,my_messages_csv
We can always return it I think,,my_messages_csv
Lmk if u find that boombox thing,statement,my_messages_csv
Cod just came??,question,my_messages_csv
How many audios?,question,my_messages_csv
Yeah indian stuff and then like some queen etc ,answer,my_messages_csv
Im just spamming potentials,,my_messages_csv
lemme check target,,my_messages_csv
Oh is he in Sweden?,question,my_messages_csv
i just wrote the code for text at specific time etc,,my_messages_csv
Ismail had the card,statement,my_messages_csv
There might be a way to play Warhawk on pc,statement,my_messages_csv
Me and u,answer,my_messages_csv
"The phones interfere with the casette players a bit, because the cassettes are magnetic strips and Our phones have hella magnets",,my_messages_csv
Join server,,my_messages_csv
Wont turn on ,,my_messages_csv
Also wow that MMC was nuts,,my_messages_csv
Cum if u want,,my_messages_csv
6+6,,my_messages_csv
Hxh bb,,my_messages_csv
Also watch god of high school,,my_messages_csv
Did he say it again?,question,my_messages_csv
U can ask like 3 I think a day but,,my_messages_csv
Wow Umar I binged the sub last might,statement,my_messages_csv
Like to get with as many non brown people she meets,answer,my_messages_csv
I ran everything through multiple places and times ,,my_messages_csv
Did u like the MC!,question,my_messages_csv
Like the newest big post ,answer,my_messages_csv
Do u mind sending screenshot of where on the GitHub it is talking about the press L thing,question,my_messages_csv
What do u mean they can see everything??,question,my_messages_csv
Zainab is coming to Samantha ,statement,my_messages_csv
Someone left btw ,,my_messages_csv
https://vm.tiktok.com/ZMR8tdTnf/,statement,my_messages_csv
 Did I leave my water bottle at ur house?,question,my_messages_csv
If u wanna Call me,question,my_messages_csv
Do u remember our meme song? The mashed Jumuah song ,question,my_messages_csv
Text me when ur home,statement,my_messages_csv
To cover ur tracks,answer,my_messages_csv
Thanks Xx,,my_messages_csv
"Funny thing is literally I was unprepared, no card, account not logged in ",,my_messages_csv
I think we wanna get out Umar ,statement,my_messages_csv
Lol my bad,answer,my_messages_csv
Just turned off,,my_messages_csv
umar u copy paste the question into the chat,statement,my_messages_csv
U never know who could fk this info up ,,my_messages_csv
Talk to my mum later,statement,my_messages_csv
Umar watch the boys,statement,my_messages_csv
How far is kindred coffee roasters from u ?,question,my_messages_csv
U were too tired sounding,,my_messages_csv
How do we play Dota if Allen is in Chicago,question,my_messages_csv
Super op ,statement,my_messages_csv
Well done cumulus,answer,my_messages_csv
I will actually ,answer,my_messages_csv
Fahrudin and joe said they got it ,,my_messages_csv
Do u have a boombox?,question,my_messages_csv
i can actually check,,my_messages_csv
I think I broke my controller ,,my_messages_csv
There are methods in tryna figure that out too lol ,answer,my_messages_csv
Another time when I have some time to kill ,,my_messages_csv
Whole market of crypto tanked,,my_messages_csv
It flatlines for a while,,my_messages_csv
Maybe later at hospital rn ,,my_messages_csv
Umar dhiral has this team ,statement,my_messages_csv
Do u have a grinder?,question,my_messages_csv
Nah just wanted to give jack a. Chnage ,answer,my_messages_csv
Clothes and I found hella drip for u ,answer,my_messages_csv
I can find something tbh when uni gets easier ,,my_messages_csv
Kindred Coffee Roasters,statement,my_messages_csv
They might even know where our base is ,,my_messages_csv
My uni starts on the Tuesday or next week,statement,my_messages_csv
"Sounds good, u wanna come here? As per tradition, bring workout clothes ",question,my_messages_csv
"So like if they were sus they should say something but, nothing forced",answer,my_messages_csv
Its insane,answer,my_messages_csv
Do u still have our Minecraft server?,question,my_messages_csv
Perfect time for warzone grinding btw ,answer,my_messages_csv
No clue ask,answer,my_messages_csv
I can full screen that,,my_messages_csv
What KD r u?,question,my_messages_csv
U wanna play?,question,my_messages_csv
I think it was,answer,my_messages_csv
I said alan was there too ,statement,my_messages_csv
also I found a dota api,statement,my_messages_csv
Even in kilo meta there were guns to level up but,,my_messages_csv
"- Varsity Tutors will provide a camp curriculum and structure for you to work within, allowing you the flexibility to design your own activities without spending hours planning! ",statement,my_messages_csv
Mainly i liked the adventure,,my_messages_csv
Or some cracked ones for pennies,statement,my_messages_csv
Can u get online?,question,my_messages_csv
Junaid bhais muk ,answer,my_messages_csv
Tell Allen I have to be up early if he asks ,statement,my_messages_csv
Hahah thank you homie,,my_messages_csv
China banned crypto ,statement,my_messages_csv
Sbmm warzone website,statement,my_messages_csv
wait til they speak German,,my_messages_csv
Are u reading this,question,my_messages_csv
We should compile them,,my_messages_csv
Yeah I can tbh ,answer,my_messages_csv
Like he would open up notepad and type ,,my_messages_csv
"By partnering with Varsity Tutors, we believe teaching online is not only comparable to in person instruction, but better. Some benefits of the platform include:",statement,my_messages_csv
Maybe even after our exams,,my_messages_csv
U can see she laughed...,statement,my_messages_csv
Bots*,statement,my_messages_csv
I recently read something that Melvin will try to pull a bunch of tactics to get us bored ,,my_messages_csv
Down I wanna try to level up bullfrog,answer,my_messages_csv
Do u have ur papers from chodry ,question,my_messages_csv
Lovely tomorrow then,,my_messages_csv
https://www.acgpubs.org/JCM/2013/Volume%207/Issue%201/2-JCM-13-11_02.pdf,statement,my_messages_csv
Is that just a normal monitor but u put it sideways?,question,my_messages_csv
Karak?,,my_messages_csv
I had my thing accidentally on do not disturb ,,my_messages_csv
Plutonium?,question,my_messages_csv
So I copped a tiny battery pack ,,my_messages_csv
And if U leave a pineapple for 10 days it becomes 1%,answer,my_messages_csv
Lol nah I need to finesse it ,answer,my_messages_csv
I might need to call someone,,my_messages_csv
Thats what im going to use for coding swift,,my_messages_csv
Did u make the autohotkey sciprt?,question,my_messages_csv
https://open.spotify.com/socialsession/FOQfeAjp3c03AF5XQyyXVcoHKF2AGbYbDDWEVKs3DptXWhZ9VmdULxHUi3eEEwG2Ulu7faDIeKw4W4TntlA45tExkQ77qe8NQ30GJ7mXBVJ?si=FeeUAkTiTASl_lvf2nMa9Q&dl_branch=1,statement,my_messages_csv
Something about those vibes are insane,answer,my_messages_csv
But the issue is probably that gear part,,my_messages_csv
I spent 8$ at cigars,,my_messages_csv
Had something funny to tell u later,statement,my_messages_csv
https://youtube.com/shorts/W2PZoNcqh0U?feature=share,statement,my_messages_csv
Craft?,question,my_messages_csv
The previous message was a live stream of burying nani Ammi sister,statement,my_messages_csv
Dew it ,statement,my_messages_csv
It still moves a little but not many people are allowed to tarde,answer,my_messages_csv
Plunder train strat and heli strat ,statement,my_messages_csv
They literally have a server,answer,my_messages_csv
U might wanna snag some of my clothes,statement,my_messages_csv
Power and chain ,,my_messages_csv
Maybe tonight instead,answer,my_messages_csv
U me cheb Koch?,question,my_messages_csv
 I love the sub man ,statement,my_messages_csv
https://vm.tiktok.com/ZMRLt76GC/,statement,my_messages_csv
So I got keep it low key ,answer,my_messages_csv
The breville express,statement,my_messages_csv
We need to hang out again ,statement,my_messages_csv
The code is up,statement,my_messages_csv
"390 W Front St, Wheaton, IL 60187",statement,my_messages_csv
Just got my durags ,statement,my_messages_csv
Erik grankvist,statement,my_messages_csv
Always see Asians eating insanely fast ,statement,my_messages_csv
Basically if U wanted to make anything physical u use this,,my_messages_csv
Umar some of these subreddits make me feel SO DUMB,statement,my_messages_csv
They change locations and name ,,my_messages_csv
Bench 185 x 6,statement,my_messages_csv
I will take up on it,,my_messages_csv
Neither of us are qualified enough ,answer,my_messages_csv
Hahahha u should sneak ,statement,my_messages_csv
Its like realistic Minecraft,answer,my_messages_csv
I think there are certain places where land is unclaimed but not many,,my_messages_csv
I am on ,,my_messages_csv
Was owned by some ENDians ,answer,my_messages_csv
When do u want ur medicine thing to be set up for,question,my_messages_csv
Gonna Check rn ,,my_messages_csv
Disney should keep doing well,statement,my_messages_csv
He had tweeted it like 3 -4 days ago ,,my_messages_csv
Etc goes up ,,my_messages_csv
Just finishing an ep of anime,answer,my_messages_csv
I wanna get some juice super bad,,my_messages_csv
illegal on the moral aide ,statement,my_messages_csv
(God of highschool is a new show),statement,my_messages_csv
The IPO she said could be months or a year ,,my_messages_csv
First one was maybe may?,,my_messages_csv
I was trolling lol ,,my_messages_csv
I am not seeing anything regarding it auto running ,,my_messages_csv
I ordered an antenna ,,my_messages_csv
When are u coming over?,question,my_messages_csv
What happens is ,answer,my_messages_csv
Nah I can just leave an hour later ,answer,my_messages_csv
Dhirals was .88KD,,my_messages_csv
Ooo how did u like,question,my_messages_csv
Was being sarcastic to c ,answer,my_messages_csv
Did I just find the log cabin guy u found?,question,my_messages_csv
May have to go to see fatherlord / take faaiza Baji to airport,statement,my_messages_csv
Like naruto style rage ,,my_messages_csv
I said when we went Endiro I drove everyone around ,answer,my_messages_csv
10$ for the camera and the extra parts,statement,my_messages_csv
Gotta cut the losses ,,my_messages_csv
Just in a match ,,my_messages_csv
It got 7.65/10 which is pretty good,,my_messages_csv
Down which one,question,my_messages_csv
Tbh it worked good enough the antenna apparently makes it amazing,answer,my_messages_csv
are those the real eggs from neighbour?,question,my_messages_csv
Yeah u make a test case on each function ,answer,my_messages_csv
The gunshot one?,question,my_messages_csv
Once new meta happens I will be able to tell u which guns to level up ,,my_messages_csv
Dota?,question,my_messages_csv
We could do separate stuff if we want ,answer,my_messages_csv
She absolutely sucks with oh boy ,,my_messages_csv
Also it would be a bit tricky though if I wanted to use the actual ps3 controller,,my_messages_csv
And u r playing rn with ,question,my_messages_csv
U can actually put it in the RC controller too,statement,my_messages_csv
Just ordered 10 free swatches,statement,my_messages_csv
Essay bruh ,,my_messages_csv
Yeah gimme a few just got home,,my_messages_csv
https://vm.tiktok.com/ZMe2Cnx1F/,statement,my_messages_csv
Hahaha sure,answer,my_messages_csv
I got warned 2x,,my_messages_csv
Put em on google drive,,my_messages_csv
Yeah tbh I love it,answer,my_messages_csv
Bak*,,my_messages_csv
I can send a nude,,my_messages_csv
The video for it I meant ,answer,my_messages_csv
Daddy u left the lube at my place. Also I think we need more snow for next time,statement,my_messages_csv
I just pulled the exam trick on u ,statement,my_messages_csv
Make an account on plex.tv,statement,my_messages_csv
If continuing education classes count ,answer,my_messages_csv
Are you on discord?,question,my_messages_csv
Sure we can just wait on hi,,my_messages_csv
Line ur self perfectly to me,statement,my_messages_csv
Did u see the top post of all time?,question,my_messages_csv
Yeah like one punch,answer,my_messages_csv
B : ur solder stuff is too old,statement,my_messages_csv
"ETH,BTC,AMC,GME etc are all ",answer,my_messages_csv
im coding rn anyway,answer,my_messages_csv
5 DotA games plz,statement,my_messages_csv
I appreciate u for u and thats all I want,,my_messages_csv
Honestly I have a ps3 controller lying around I could gut it,,my_messages_csv
Can u ask ur dad if you record with a cd?,question,my_messages_csv
Lemme get sick ,answer,my_messages_csv
U wanna join?,question,my_messages_csv
I just clicked a random link when searching for it and it happened to be the new place,,my_messages_csv
Ahh I wok ,statement,my_messages_csv
Then do a Samantha after,statement,my_messages_csv
I never told my parents I got rekt for cheating ,,my_messages_csv
BTC goes up,,my_messages_csv
Guy thinks this is a life or death situation ,,my_messages_csv
So like if its,answer,my_messages_csv
Which music edits?,question,my_messages_csv
Thinking 2 pm coffee,question,my_messages_csv
Doing some obsidian ,answer,my_messages_csv
With uni?,question,my_messages_csv
Tell me when ur on,statement,my_messages_csv
I have a good one,,my_messages_csv
I did this IN game,answer,my_messages_csv
She can call me bhai in bed ,answer,my_messages_csv
Yeah later for sure,answer,my_messages_csv
Tonight we hve a listening party on Dave,,my_messages_csv
Ur good I told Ismail just to watch khan academy,,my_messages_csv
Send it up m8,statement,my_messages_csv
Prolly1 hour,answer,my_messages_csv
Both are in downtown ,answer,my_messages_csv
Not sure tho ,answer,my_messages_csv
macropad*,,my_messages_csv
Log(1/9),,my_messages_csv
U can return it if u just have the card,statement,my_messages_csv
Are u heading off,question,my_messages_csv
No worries m8 up to u ,,my_messages_csv
Yeah can u give me 7 mins?,question,my_messages_csv
umar I really wanna cop it,statement,my_messages_csv
Watch some random YouTube ,statement,my_messages_csv
Samantha tomorrow??????,question,my_messages_csv
Does alan eat super fast?,question,my_messages_csv
Is that cheese also?,question,my_messages_csv
1 of u would have to pay $15,statement,my_messages_csv
No Matt has,,my_messages_csv
Wanna game?,question,my_messages_csv
https://www.reddit.com/r/lotr/comments/l9z4zq/urukhai_in_unreal_engine_4_by_carin_bucklund/?utm_source=share&utm_medium=ios_app&utm_name=iossmf,statement,my_messages_csv
Lmkwwhen ,statement,my_messages_csv
Tim also only got it by just clicking a link in his twitch chat ,answer,my_messages_csv
That was a fun day ,answer,my_messages_csv
https://www.youtube.com/watch?v=W1gRdpVnx9Q,statement,my_messages_csv
Is there a chance u can cop some naan?,question,my_messages_csv
We went through some,,my_messages_csv
Guts was there,,my_messages_csv
Bench 205 x 4,statement,my_messages_csv
That can be one,answer,my_messages_csv
Oh yeah I forgot about that ,answer,my_messages_csv
Just found out,,my_messages_csv
Im down whenever,answer,my_messages_csv
"Also the one on discord is so good, the one u sent",answer,my_messages_csv
Will send later or tomorrow,,my_messages_csv
I would be able to say some amazing things,answer,my_messages_csv
Lmk if this works,statement,my_messages_csv
U wanna play with hammad and Fahrudin?,question,my_messages_csv
Still feeling pretty sick I have a horrible cough ,,my_messages_csv
I would have replied,,my_messages_csv
Oh did u go lab?,question,my_messages_csv
We hve 10 rn if u would rather chill at my house for a bit ,,my_messages_csv
"I hopped off, kinda feeling sick ",,my_messages_csv
https://www.youtube.com/watch?v=BBX5qh09OIE,statement,my_messages_csv
"Camps will cover topics ranging from Space Exploration, Animation, and Dinosaurs, to Rock Music History, and Foreign Languages, all while emphasizing collaborative spaces and hands-on experiences.",,my_messages_csv
Yo I might not do games today,,my_messages_csv
https://open.spotify.com/playlist/5Pm0pgVfCUNzVxLXwuMTeM?si=dxLJaQpVSR2x8swPDpgzCA,,my_messages_csv
Or ur Ammi ,answer,my_messages_csv
2pm kindred coffee roasters,statement,my_messages_csv
Watching some Anime. Instead ,,my_messages_csv
Like it was coldish rocky somewhat dead ,answer,my_messages_csv
Turn off ur deafen ,statement,my_messages_csv
It is postponed to tomorrow,,my_messages_csv
Yeah but first ,answer,my_messages_csv
Wait so when did they issue 3rd and final chance,question,my_messages_csv
I actually pulled my chute ,,my_messages_csv
I found it on steam,,my_messages_csv
He has the coolest jail stories like ,answer,my_messages_csv
4:45? Be here?,,my_messages_csv
I killed these people like John wick,,my_messages_csv
Sure lemme write some stuff up ,answer,my_messages_csv
But yeah I found out on that plex thing I can do a watch together thing ,,my_messages_csv
U wanna go soon?,question,my_messages_csv
I know I cheated ij the good way ,,my_messages_csv
Ur goated for that,,my_messages_csv
Brickhaus tomorrow?,,my_messages_csv
I WILL HAVE SEXY TIME,,my_messages_csv
Xp glitch ,statement,my_messages_csv
Definitely is but I have a friend who has a 3d printer or Im going to buy one,answer,my_messages_csv
Sure I just stopped by home ,,my_messages_csv
Earnings report is on the 8th,statement,my_messages_csv
When I say this I mean CTA we can drive in then cta to the 2 places,,my_messages_csv
Can u bring water bottle in cooler tomorrow?,question,my_messages_csv
Oh wait no I use duo mobile nvm ,answer,my_messages_csv
Also what we doing at gym ,question,my_messages_csv
Like match info,,my_messages_csv
Chiya chai caffe ,statement,my_messages_csv
Did U see ,question,my_messages_csv
I want to do super high volume,,my_messages_csv
Also yeah Umar I BINGED veggie sub ,statement,my_messages_csv
U-8,,my_messages_csv
Ah cool. I wanna get cactus jack a brother,answer,my_messages_csv
I googled it ,,my_messages_csv
Cool I might come over later today,,my_messages_csv
Ye do u need it rn?,question,my_messages_csv
"Converting SATA to USB and USB to a switch, switch to outlet",statement,my_messages_csv
And I wired it with a thing I just happened to have to put a 9V battery,,my_messages_csv
Seagate BarraCuda 2TB Internal...,statement,my_messages_csv
A shop called cigars,answer,my_messages_csv
WERE FOUNG TO MOON ,,my_messages_csv
Is ur abbuu in a meeting still?,question,my_messages_csv
No rush m8 I might need another 20 or so,,my_messages_csv
They were bots so I got 8+ kills every game,,my_messages_csv
Just wanna leave Minimal traces,,my_messages_csv
Parasyte insanely good I remeber that ,answer,my_messages_csv
Gonna call it,statement,my_messages_csv
Unar,statement,my_messages_csv
Lmk when it peaky ,answer,my_messages_csv
The website^,,my_messages_csv
"Twitter, @saidlayl ",statement,my_messages_csv
Which we can do ,,my_messages_csv
Oh yeah Umar we were in Africa too idk why ,,my_messages_csv
when u wake up text me,statement,my_messages_csv
I can call u later today,answer,my_messages_csv
I have a good one in mind,,my_messages_csv
Imagine watch WPD in anime,,my_messages_csv
I was thinking like 1-2 weeks,answer,my_messages_csv
I was just testing if my texting worked on laptop,answer,my_messages_csv
Who was they ,question,my_messages_csv
https://www.amazon.com/dp/B07H2RR55Q/ref=cm_sw_r_sms_api_glt_fabc_Z3501GM5HKDWCR9TV0S5?_encoding=UTF8&psc=1,,my_messages_csv
Side*,,my_messages_csv
I was gonna gym brickhaus but I have hair cut rn ,,my_messages_csv
Add my said Layl ,statement,my_messages_csv
That is a good one,answer,my_messages_csv
If u still want for remainder of month lmk I can give the details,,my_messages_csv
"Yeah i watched it like 5x, then binged the sub ",statement,my_messages_csv
I have movie on my server ,statement,my_messages_csv
Can u do this,question,my_messages_csv
They already cancelled it,,my_messages_csv
Ehh just leave it ,,my_messages_csv
Actually I need to shower,,my_messages_csv
"Lol, can u send a pic of the inside of it?",question,my_messages_csv
https://www.youtube.com/watch?v=U_ZCk1o_Mj4,,my_messages_csv
Since I started hench aftwr covid I have already gotten from 185 x 5 for 1 set ish to 185 x 10 ,statement,my_messages_csv
Some say when chasing out u sell half,answer,my_messages_csv
Nah ended before that ,answer,my_messages_csv
Make sure to pay attention to this lecture ,statement,my_messages_csv
Oh that cooking one she watches is probably trash ,question,my_messages_csv
I was just checking if u were in call,answer,my_messages_csv
Great I believe in ethereum ,,my_messages_csv
It will give u notification to go on computer for queue,statement,my_messages_csv
Which will cause the transaction of ETH stuff become super cheap and low on fossil fuels,,my_messages_csv
Where they have creative mode,statement,my_messages_csv
Check ur snap ,statement,my_messages_csv
Alan wants to Dota what do u wanna do cod or Dota!,question,my_messages_csv
They have a 50v50 mode,,my_messages_csv
Is this the place Eema recommended?,question,my_messages_csv
I need like 10 actually ,answer,my_messages_csv
I never actually got rekt I just got in the situation and survived ,answer,my_messages_csv
Kinda sus tho ,answer,my_messages_csv
I can track her ass down also ,,my_messages_csv
I might call upon u or Eema to do the soldering cuz my hands are not still enough ,,my_messages_csv
Yes ask her she would know,,my_messages_csv
Woah what are the odds duo lingo is the company I use for work ,question,my_messages_csv
So I just did,,my_messages_csv
I known U want the money and it seems super easy ,answer,my_messages_csv
Precaution *,answer,my_messages_csv
Have we not been enrolled??,question,my_messages_csv
I mean scrims,answer,my_messages_csv
A few options : ,,my_messages_csv
Coffee tomorrow?,question,my_messages_csv
So no talk of Samantha tings,statement,my_messages_csv
Just wanted to chill ,answer,my_messages_csv
Yeah u can ask me about that im proficient somewhat,answer,my_messages_csv
I like to watch @ nite ,,my_messages_csv
Cuz they have video of it,,my_messages_csv
If not just watch it,statement,my_messages_csv
They try to hide it,,my_messages_csv
U knew it ,statement,my_messages_csv
Nah just that original tweet,answer,my_messages_csv
She asked me ,,my_messages_csv
And 2nd car is broken rn ,,my_messages_csv
Can we do a few plunder?,question,my_messages_csv
did u finish AOT?,question,my_messages_csv
They removed miniguns ,,my_messages_csv
If u can come here some time we have to Samantha ,statement,my_messages_csv
$15 worth of naan or pita,,my_messages_csv
I did a LOT of testing,answer,my_messages_csv
My controllers makes me spin to the left,statement,my_messages_csv
I Have small essays from chowdry idk if u had em ,,my_messages_csv
Ok my ps5 bot is up and running ,answer,my_messages_csv
Can you call me in about 15 or so mins?,question,my_messages_csv
We know better ,answer,my_messages_csv
We can start a new anime if u want ,answer,my_messages_csv
And fruit,,my_messages_csv
Yep no rush no pressure,answer,my_messages_csv
Game one and then end game,,my_messages_csv
Probably some glitch,statement,my_messages_csv
Yeah ur right ,,my_messages_csv
I thought szn 1 was awful ,,my_messages_csv
Or preparing for something,answer,my_messages_csv
Join cheb ,statement,my_messages_csv
He tweeted and it lost like 10%,,my_messages_csv
https://vm.tiktok.com/ZMJwXnrud/,statement,my_messages_csv
"Ye no rush, lmk when u are on ur way",answer,my_messages_csv
And diamond,,my_messages_csv
Want to listen together? Join this group session on Spotify:,question,my_messages_csv
looooolllllll,,my_messages_csv
It was a big difference but they noticing ,answer,my_messages_csv
When again are u coming?,question,my_messages_csv
Im back bte,statement,my_messages_csv
I just researched it ,,my_messages_csv
I would sell 2 shares then ,,my_messages_csv
The r909 is the best shotgun ,statement,my_messages_csv
So I have the 6 cupper I sent u the 3 cupper ,answer,my_messages_csv
Ah man how did u like god of highschool?,question,my_messages_csv
In chirp,statement,my_messages_csv
My name on disc is now ebra,,my_messages_csv
Umar ur up nearly 1k,statement,my_messages_csv
Yeah Otc ,answer,my_messages_csv
If I can get the camera to work flawlessly I can make some and give it to people who want it,statement,my_messages_csv
Like I stole and robbed actual human beings,answer,my_messages_csv
I want to make an agenda,,my_messages_csv
Yeeer ,answer,my_messages_csv
My PC tweakin too ,statement,my_messages_csv
Gotcha this is the stuff im good at tbh,answer,my_messages_csv
Try and contact them ,,my_messages_csv
Cuz it says kindred is west Chicago which is close to u ,,my_messages_csv
So do u know when it IPOs?,question,my_messages_csv
Do u wanna come Brickhaus?,question,my_messages_csv
If u wanted to run that for ur meds,answer,my_messages_csv
In multiplayer it is,,my_messages_csv
Without actually doing it,answer,my_messages_csv
For beans,,my_messages_csv
Some fam came over got a bit ,answer,my_messages_csv
Which reminds me ,,my_messages_csv
The scribe,statement,my_messages_csv
I need to ask u something important,,my_messages_csv
He will burn himself out and realise,,my_messages_csv
U wanna watch a video I made,question,my_messages_csv
Nah I cheated ,answer,my_messages_csv
There was just a watch with a normal digital time,statement,my_messages_csv
Gonna do a bit of war zone,answer,my_messages_csv
Dotes?,question,my_messages_csv
Umar u want these jeans?,question,my_messages_csv
Which is .5%,answer,my_messages_csv
Since google gave me wrong formula for something ,answer,my_messages_csv
Umar you will be impressed,statement,my_messages_csv
The. The video ,,my_messages_csv
Or areas ,answer,my_messages_csv
Not officially... but I have a feeling there was something at one point,,my_messages_csv
Yeah we would we can plan it tho ,answer,my_messages_csv
Can u ask aliens how hard would it be to print this?,question,my_messages_csv
Do you know chief keef?,question,my_messages_csv
Can u ask ur parents if I can come gym?,question,my_messages_csv
Safe noon tanked ,answer,my_messages_csv
The whole market shuts on weekends,,my_messages_csv
My mum said leave at 9pm,statement,my_messages_csv
Summer I think ,,my_messages_csv
If u wanna make a little $$,statement,my_messages_csv
Comedy I like,,my_messages_csv
Just dissapear,answer,my_messages_csv
Text me when ur on ,statement,my_messages_csv
If u wanna follow it feel free,question,my_messages_csv
Get her address,,my_messages_csv
So at COD the classes are much longer and harder,statement,my_messages_csv
Do U cum ,question,my_messages_csv
The veggie subreddit ,,my_messages_csv
Yo I asked ur mum if I can come,question,my_messages_csv
That seems like the most peace one can imagine,answer,my_messages_csv
We could literally ask to join with new accounts,,my_messages_csv
Lol is it slow rn?,question,my_messages_csv
They never knew it was coming,answer,my_messages_csv
Im just chilling I took off headset,,my_messages_csv
The rob guy is better than seeb ,,my_messages_csv
And how Matt does it,answer,my_messages_csv
The lives are so funny ,,my_messages_csv
Also going to my friends place maybe,answer,my_messages_csv
https://www.youtube.com/watch?v=W8x4m-qpmJ8,statement,my_messages_csv
Do u have a speaker?,question,my_messages_csv
Not the ilijavidic,,my_messages_csv
New Mmc pretty good,statement,my_messages_csv
You should buy it and call the makers,,my_messages_csv
I think u told me I wanna make sure,answer,my_messages_csv
U just take some of their instant ,,my_messages_csv
I should but am cancelling it,,my_messages_csv
Damn u Starbucks,statement,my_messages_csv
Download google pay app,statement,my_messages_csv
What did Danny have?,question,my_messages_csv
Fahrudin ,statement,my_messages_csv
Have U seen the youtuber who was a former bank robber?,question,my_messages_csv
I meant is the karak chai a recommendation from her?,,my_messages_csv
https://www.reddit.com/r/anime_irl/comments/ohcwa6/anime_irl/?utm_source=share&utm_medium=ios_app&utm_name=iossmf,statement,my_messages_csv
Mcgreogs leg snapped,statement,my_messages_csv
Basically I can just tell her about u ,statement,my_messages_csv
I emailed they said u should be good I emailed them another question ,statement,my_messages_csv
"Hahaha, oh do u not like what she likes?",,my_messages_csv
It was probably a bot lobby ,,my_messages_csv
Just have to appease some guests for a few ,,my_messages_csv
Insane gun out rn ,statement,my_messages_csv
When something gets rekt ,answer,my_messages_csv
The answers are already there,statement,my_messages_csv
Work rn but soon ,answer,my_messages_csv
Cuz I managed to get a ps5 but it has an extra controller and I was wondering if you were allowed to return your ps5 controller and buy mine instead,,my_messages_csv
I gotta do legs or shoulders,statement,my_messages_csv
U take train do recons ,statement,my_messages_csv
Just grinding beans,,my_messages_csv
Yeah just having food,answer,my_messages_csv
Blamed Jack ,answer,my_messages_csv
https://vm.tiktok.com/ZMdS2tUf7/,statement,my_messages_csv
No clue tbh at the end but hes defo dead,,my_messages_csv
We would have to take train possibly ,,my_messages_csv
but female vibes,,my_messages_csv
The reason I say we can do .5% is because Apple vinegar is halal and it is .44%,,my_messages_csv
Always works eh?,,my_messages_csv
No worries m8 honestly if u want to u could replace it with the moka pot ,,my_messages_csv
Make my coffin has probably best content ,statement,my_messages_csv
Supposedly ETH gonna blow up soon ,,my_messages_csv
Oooo lemme read ,,my_messages_csv
UPW elburn ,,my_messages_csv
The PS4 u can see inside,statement,my_messages_csv
Ur Baji wondering if ur going to quest ,question,my_messages_csv
Or zombies ,,my_messages_csv
10 mins left I think ,,my_messages_csv
He said about 15% contracted aids,,my_messages_csv
Sure np just lmk ,,my_messages_csv
We can find it together ,,my_messages_csv
Namaz at 12 ,,my_messages_csv
But I guess today it just hit its biggest affect,answer,my_messages_csv
With hammad,,my_messages_csv
Out rn ,answer,my_messages_csv
Still up to u ,answer,my_messages_csv
Which watch?,question,my_messages_csv
Yeah Umar 2 episodes of inuyashiki is just great ,answer:statement,my_messages_csv
Whos ur fav? I been tryna find something with itachi style main,question,my_messages_csv
It doesnt look right but does it work,statement,my_messages_csv
The rapping is cringe,,my_messages_csv
"We like the _, not Oh AMC earnings report good, planning project in China",statement,my_messages_csv
Im down to warzone,statement,my_messages_csv
Thats so sus ,answer,my_messages_csv
Yeah hes always the most OP the way he talks ,,my_messages_csv
And we were gonna take one of those cigars and our parents werent there,,my_messages_csv
But also wed need to be very luck IE : already live near a forested area and be able to not work for like 2 years,,my_messages_csv
Its a different way and doesnt work exactly same but ,answer,my_messages_csv
Once we feel out the bottom,,my_messages_csv
Nah cant rn tbh ,answer,my_messages_csv
Were doing 11:30 now,,my_messages_csv
My bad I cant talk rn whats up?,question,my_messages_csv
Download the new Google Pay app with my invite link - well both earn $21 when you make your first qualifying payment of $10 or more. While supplies last!,statement,my_messages_csv
Its a shounen style,answer,my_messages_csv
Ill do legs ,,my_messages_csv
No not really but I dont think its wise u should come. Ill take a covid test soon also ,answer,my_messages_csv
"U cant go hospital tho, only allow 4 specific people ever ",answer,my_messages_csv
Maybe Ill leave 12:30?,,my_messages_csv
100% theyll taste better plus,,my_messages_csv
 Cant wait to upload dhirals video,,my_messages_csv
Im tryna make a Wu tang clan casette ,,my_messages_csv
Either way just tell Alan its haram  ,statement,my_messages_csv
Just dont answer any phone calls,statement,my_messages_csv
Questioned I gotta do legs or shoulders,statement,my_messages_csv
Cool Im just putting on some socks,,my_messages_csv
Yeah I need to record onto a casette and my dads 2 casette decks dont work ,answer,my_messages_csv
I bought guardians of galaxy vol 2 tape and Im making guardians vol 1 rn ,statement,my_messages_csv
So I didnt attach WiFi card,answer,my_messages_csv
Im heading home rn ,statement,my_messages_csv
Nah dont bring ,answer,my_messages_csv
I mean Im down to try if u wanna,answer,my_messages_csv
Im turning it on on pc,statement,my_messages_csv
"Work ,yard ,cell time etc",statement,my_messages_csv
Ill check this in a second also,,my_messages_csv
If U wanted to lev up famas Im down ,statement,my_messages_csv
Thats my plan ,answer,my_messages_csv
My anime list (MAL) just states its rating ,answer,my_messages_csv
... also somewhat close to the eerie canal,answer,my_messages_csv
Theyre gonna burn some ETH,,my_messages_csv
Nah bro u dont need to get me anything,answer,my_messages_csv
this is the end of the crypto hype for this season,,my_messages_csv
I dont think I can nor I should bother,,my_messages_csv
So I sent a pic of ur dad in the childrens antics chat,statement,my_messages_csv
Im almost done,,my_messages_csv
Ill get Covid test done soon ,statement,my_messages_csv
Just showered and have wet hair so didnt wanna put headphones on ,statement,my_messages_csv
Oh man Umar Im seriously missing out Samantha times,answer,my_messages_csv
Nooooo dont do that ,answer,my_messages_csv
Ill ask my mum ,,my_messages_csv
Pc literally wont turn off,statement,my_messages_csv
And khabib with send me location or al ham doo Lillah,answer,my_messages_csv
Lmk well probably not go 10:30,,my_messages_csv
Its 12 eps total ,,my_messages_csv
U should ask Ismail cuz I have the same one I think ,question,my_messages_csv
Plus flying in the USA isnt hard so we could do summers or random times,,my_messages_csv
If I calculate it correctly its like ,,my_messages_csv
If u havent watched god of highschool yet ,question,my_messages_csv
i think people dont realise but I always do something productive whilst in between stuff,,my_messages_csv
Im coming on rn ,statement,my_messages_csv
So maybe itll tank more,question,my_messages_csv
I just turn it on and all I have to do is google a specific IP address and itll show the live stream ,,my_messages_csv
Yeah thats weird,answer,my_messages_csv
"Umar, thats cracked",answer,my_messages_csv
Im thinking its a full blown theater projector ,,my_messages_csv
Ismail is going out,statement,my_messages_csv
Do you know his legendary song? And nah he didnt,question,my_messages_csv
Choose a day and Ill tell u what times,statement,my_messages_csv
Im trying to find an anime that revolves around my fav character of all time,statement,my_messages_csv
and dhiral  goes I need some competition up here,answer,my_messages_csv
They dont have any trains back home past 12,,my_messages_csv
So Im dumping more into Apple ,statement,my_messages_csv
U type chegg how does a mitochondria work,statement,my_messages_csv
Btw Im on discord if u wanted to craft for a bit ,statement,my_messages_csv
Say like oh ok Ill text him ,,my_messages_csv
Also its still airing,,my_messages_csv
Because youll be able to cut down once u make sure ur ok ,,my_messages_csv
"Yeah I think Im free, Im down to Samantha",answer,my_messages_csv
Heres my camera btw ,statement,my_messages_csv
Im kinda sleepy ,,my_messages_csv
Also u dont need to buy my controller if u dont wanna,,my_messages_csv
Yo Ill play ,,my_messages_csv
And my balls are hot - black besta,statement,my_messages_csv
Gonna buy the coffee rn so by the time Im home should like up ,statement,my_messages_csv
Ye Im calling u on discord,answer,my_messages_csv
Ill be home soon ,,my_messages_csv
Ill show u my Wu tang mixtape I made,answer,my_messages_csv
"Sorry was coding I gotta go to bed, Ill defo call maybe",,my_messages_csv
So the arm thingy Ill replace with the circular gear,statement,my_messages_csv
Its on Amazon prime but,,my_messages_csv
Sure Ill be on iPad tho so no discord just text me Ill try to set up the thing when ur ready,,my_messages_csv
Noooo fighting!!!,,my_messages_csv
Its not really in depth its just kinda fun to watch ,,my_messages_csv
Mum said Im fine with you cheating,statement,my_messages_csv
Yeah Im making one rn ,,my_messages_csv
Yo just about to shower Ill call u back?,question,my_messages_csv
Or ehh maybe I should do it cuz I know what Im doing ,answer,my_messages_csv
They dont need to know ,,my_messages_csv
Im trying to Find a WPD video ,statement,my_messages_csv
They dont wanna make their thing a big deal lol ,answer,my_messages_csv
Maybe theyve had to deal with worse (not in a rude way),,my_messages_csv
Youd go insane if u didnt make friends ,,my_messages_csv
Also Ill let u know on the time of coffee,answer,my_messages_csv
They cant ,,my_messages_csv
Its just kids so u make up whatever u want yo teach ,,my_messages_csv
Im talking like several months later we should start buying ,,my_messages_csv
She wont see,,my_messages_csv
I just remeber I said we gonna sell these cigars? And ur like yeah Ill handle the selling,,my_messages_csv
Whats in it for you?,question,my_messages_csv
Thats annoying ,,my_messages_csv
"I did one for why are u gei""",answer,my_messages_csv
Its supposed to be very good and seems similar to cowboy bebop ,,my_messages_csv
Thats fuckin biblical m8,,my_messages_csv
Im not interested tbh,answer,my_messages_csv
Umar dont bring water ,,my_messages_csv
Yeah i think thats accurate,answer,my_messages_csv
Logic dropped a new album and its fire,statement,my_messages_csv
Sorry to say Ali but even as a Muslim if someone has a bömb as a laptop Im not gonna talk to them ,,my_messages_csv
I also have my mums tapes too ,statement,my_messages_csv
And they were sus Im mr wick ,,my_messages_csv
Yeah same but I think I know why it doesnt go where we want ,answer,my_messages_csv
Some parts were ez some werent ,answer,my_messages_csv
Nah I wouldnt buy anything thats not the same as my one,answer,my_messages_csv
Cant hear u ,statement,my_messages_csv
Soz Umar Ill be 5-10 mins more,,my_messages_csv
Ooo yeah its not bad,answer,my_messages_csv
Theres a ton of free ps5 games,statement,my_messages_csv
Its an anime takes place in chicsgo ,,my_messages_csv
Wtf thats nuts,,my_messages_csv
U should see my resume its so good ,statement,my_messages_csv
Ill look into it,,my_messages_csv
Whats up dawg,question,my_messages_csv
Ye Im just taking precoautioj ,answer,my_messages_csv
Ill link y ,,my_messages_csv
Ill do robot next time,answer,my_messages_csv
Ill try to buy in idk when it will drop tho ,answer,my_messages_csv
Thats similar to what I. Saw,answer,my_messages_csv
I think its because,,my_messages_csv
Its u and me with our 2 boys ,,my_messages_csv
I mean if were being moral youd have to ask ,answer,my_messages_csv
I wish I could hang with u guys a lot more but Im getting boned by school + work ,,my_messages_csv
Lets find a movie to watch ,,my_messages_csv
Im going to work on something cool ,,my_messages_csv
Feel like thats her style,,my_messages_csv
Ill invite Zainab ,statement,my_messages_csv
So even if we dont play for the whole day dw,answer,my_messages_csv
Wow thats so cool can u link me the plug-in for my own server?,question,my_messages_csv
I wonder why people are laughing at me,statement,my_messages_csv
id defo prefer to eat those,,my_messages_csv
Im on now,statement,my_messages_csv
I cant either,,my_messages_csv
So they dont allow a free 1 time trial anymore ,statement,my_messages_csv
Its old school like his original stuff,,my_messages_csv
Shouldve been 5*,,my_messages_csv
wait which anime would U say is ur fav cuz Ill watch tht then ,question,my_messages_csv
They wouldnt remeber to put on shields,,my_messages_csv
No but I wouldnt cuz theyll stress u out ,answer,my_messages_csv
I just love the happiness thats in the show the sense of adventure and then the darkness,answer,my_messages_csv
Its like My hero ,answer,my_messages_csv
But Imma start it soon so thats why ,answer,my_messages_csv
And you aint gonna do nothin - mcgegor,,my_messages_csv
Hes literally drafting,,my_messages_csv
Disliked https://www.reddit.com/r/Wellthatsucks/comments/leeuqn/highway_robbery_in_sf_caught_on_tesla_cam/?utm_source=share&utm_medium=ios_app&utm_name=iossmf,statement,my_messages_csv
Thats true naruto is for fun ,answer,my_messages_csv
Then its Endiro time,,my_messages_csv
The easy way is making a print statement everywhere. Today I was putting Umar nation all around the code,,my_messages_csv
These guys take it like its their life,,my_messages_csv
You wont love it like an anime,,my_messages_csv
Wait so whats ur fav anime Im curious ,question,my_messages_csv
Yeah Im in discord,,my_messages_csv
Ill put the circle part on the top,,my_messages_csv
Well I put an order but its stuck,,my_messages_csv
Bro this is a video game chill,,my_messages_csv
I guarente youre toying with people rn ,,my_messages_csv
So Im gonna go Yarget ,statement,my_messages_csv
Its kiddie pants but like 18 year olds,,my_messages_csv
Hmmm Im sus too ,answer,my_messages_csv
I think its a Shia holiday where they beat themselves ,,my_messages_csv
Cuz its insanely late,answer,my_messages_csv
"U could do pewdiepie what an fkin N word""",answer,my_messages_csv
If it happens we cant back out ,answer,my_messages_csv
By order of the peaky foookin blinders (Arthur at the stage in London),statement,my_messages_csv
Ill show u a picture,,my_messages_csv
yep* itll spin in circles,,my_messages_csv
Yeah they shouldnt ever take ur packages ,,my_messages_csv
Grabbing lighter thats all ,,my_messages_csv
Im so down ,,my_messages_csv
Perfect timing Im about to leave ,,my_messages_csv
And then U can act like were not close,answer,my_messages_csv
"Bet, Ill let u know the specifications and",,my_messages_csv
Im blowing up toilet rn ,answer,my_messages_csv
"Perfect, so Ill just dip my house but my story is were working out. But honestly afterwRds lets go to my high school and walk on the pitch to try and air out",answer,my_messages_csv
Its a dummy cute kid lol who has had oral seX with me ,,my_messages_csv
Upload and then its practically good to go,,my_messages_csv
Its kinda weird,answer,my_messages_csv
Thats funny ,answer,my_messages_csv
Im coming out but if u want ,answer,my_messages_csv
Yeah we used to do that with our botts but I think the problem is that I dont feel that energetic anymore,answer,my_messages_csv
Hahaha well her anime taste isnt bad is it?,,my_messages_csv
But yeah personally Id try to steal em back ,answer,my_messages_csv
Its his family ,,my_messages_csv
Im pretty sure the place was actually far but Ill ask ,answer,my_messages_csv
Couldnt be arsed ,,my_messages_csv
One of my buddies did not. Basically if U cant do things on ur own ur a mess,,my_messages_csv
Hes dead,,my_messages_csv
Like if we had family they need a place to live and wed need to already establish a house ,,my_messages_csv
"And then the camera when it touches this specific metal part is really good, and when its not touching that metal its bad",,my_messages_csv
Love Sosa,statement,my_messages_csv
Ninjas the F u say to me u little shit?,question,my_messages_csv
Theres a show called misfit of the demon king. The main character is just so op its funny ,,my_messages_csv
One thing I will give u advise for is to not stress if u get bad grades at first because it could be the teachers fault and youll get a curve,,my_messages_csv
If thats ok with u ,answer,my_messages_csv
But yeah if u wanted to come to vibe u can but theres no pressure,answer,my_messages_csv
Cool were not doing Endiro ,,my_messages_csv
Can u say weird things?,question,my_messages_csv
Ill do a dif days,answer,my_messages_csv
Unless Ive seen,answer,my_messages_csv
Yeah like I cant sweat that hard anymore,answer,my_messages_csv
have u not tried looking up those questions or looking up a Blank calculator,question,my_messages_csv
Youre gonna love it,,my_messages_csv
Dont listen to Dave,,my_messages_csv
Im finding something as well ,,my_messages_csv
The metal gear youre pretty good,statement,my_messages_csv
Ismail is doing the slave work rn ,statement,my_messages_csv
But I think Id grab em ,answer,my_messages_csv
So it looks like its weak in the sense of is it bad,answer,my_messages_csv
I recently did it for 2 and didnt try for 3 but coulda pushed for it ,answer,my_messages_csv
Thats my thumb ,,my_messages_csv
So maybe Ill solo Dota,answer,my_messages_csv
Well Im not,answer,my_messages_csv
Like cool pic of Umar I took,answer,my_messages_csv
Ill call u later ,,my_messages_csv
Lets give it a week or so maybe,,my_messages_csv
Also theyre really poorly made on the analog sticks,statement,my_messages_csv
Im still down ,,my_messages_csv
We aint got the time ,,my_messages_csv
Im just doing deadlifts so Ill be back there vibing ,,my_messages_csv
"Oh ok, yeah cuz I completely dont understand how cassettes and stuff work so I didnt trust my dad when he told me we can ",,my_messages_csv
Bruh theyre so salty ,answer,my_messages_csv
Thats fine I gtg for coffee at 3 anyway ,,my_messages_csv
Yeah but I never knew they wouldnt be fun at all ,answer,my_messages_csv
Were balling out ,statement,my_messages_csv
Yeah lets watch it,,my_messages_csv
I heard its on crunchy rn ,,my_messages_csv
Then itll slowly rise over the years again ,,my_messages_csv
Zainab cant come Samantha but can drive out an hike in the middle of nowhere,statement,my_messages_csv
I want to take this chance to apologise…to absolutely nobody!!,,my_messages_csv
In a warzone whats up?,question,my_messages_csv
Which Im thinking just aint good enough ,answer,my_messages_csv
Then youll know,,my_messages_csv
Lets have a chat about swift later ,statement,my_messages_csv
Im gonna watch 1 episode of anime and then ,,my_messages_csv
And he like how did u guys know? In some way ,question,my_messages_csv
Im in voice chat ,,my_messages_csv
I need to do gym afternoon so lets see,answer,my_messages_csv
Umar u should imagine everytime Im fighting ,statement,my_messages_csv
Park at the culdisac entrance so my parents dont know,statement,my_messages_csv
Lets see?,question,my_messages_csv
Ye cuz Im tryna record a casette and I have nothing to record with ,answer,my_messages_csv
Thats kinda lame ,answer,my_messages_csv
It gives me such a nam vibe to it,answer,my_messages_csv
When I touch yard Ill prolly make a coffee so maybe 45 mins total ,,my_messages_csv
Its some damn good instant ,answer,my_messages_csv
This meta if u dont use DMR its bad ,answer,my_messages_csv
Shouldve been 6,,my_messages_csv
Pellington fast AF thats why they choose it,,my_messages_csv
Nah its now ,answer,my_messages_csv
Cant do today,,my_messages_csv
or I mean whos snap is this?,,my_messages_csv
Find out where it streams Im assuming animixplay ,statement,my_messages_csv
I even emailed the previous sponsors for them and they just said we dont do coffee only soda (dr pepper),,my_messages_csv
Maybe its disabled but I can try pulling match data ,statement,my_messages_csv
i have a text where I say its impossible to get 30+,,my_messages_csv
Im just invisuoning it,answer,my_messages_csv
Sorry was taking shower Ill call in a few,,my_messages_csv
Yeah he had Alzheimers I think so he was pretty much gone when I went (2013) ish,,my_messages_csv
Its now whoevers internet lasts,statement,my_messages_csv
Im baj ,statement,my_messages_csv
U coming to Junaid bhais? ,question,my_messages_csv
Its ur nani ammis brother ,statement,my_messages_csv
Oh I thought u were on discord with him ,answer,my_messages_csv
Im going to do the return Amazon my old controller method,statement,my_messages_csv
Ive got a pavrotti tape too (opera),,my_messages_csv
Like he didnt even remeber his own kids at that time ,,my_messages_csv
Thats what I was thinking however ,answer,my_messages_csv
So its shut but u just walk around or something?,question,my_messages_csv
Its connection was crap so I gotta figure something out with it,answer,my_messages_csv
Theyre cutting the meat anyway ,,my_messages_csv
Tommy : whats yer dogs name?,statement,my_messages_csv
I did one for tango down,,my_messages_csv
"Youd be surprised I literally just wired it to an Arduino uno, and then theres a preset code and u just hit uploads",,my_messages_csv
Its probably an 8 week course,,my_messages_csv
Sometimes theyre etched in ,,my_messages_csv
Not 100% sure but heres closest to it,,my_messages_csv
Im coming now ,statement,my_messages_csv
Mine is so insane I couldnt type it out but somehow,,my_messages_csv
"Could be, I dont think so tho ",answer,my_messages_csv
And theres no pressure if u wanna do whatever u wanna do,answer,my_messages_csv
Its a false positive,,my_messages_csv
Im coppin a coffee machine ,statement,my_messages_csv
Ur good m8 its something called rpcs3 I think but I cba setting it up. Ill look into if its worth setting up ,answer,my_messages_csv
Hold on Ill call u in a minute lemme do namaz,answer,my_messages_csv
Im watching some anime but ,answer,my_messages_csv
Tango down for the classical call of duty callotu,statement,my_messages_csv
I think they do but its not like endiro ,,my_messages_csv
Yeah I told her to watch Vinland and she said boring,,my_messages_csv
They said Im ok ,,my_messages_csv
Its for a chip like Arduino,,my_messages_csv
Its not fun rn tbh ,answer,my_messages_csv
Im also a believer that parents should be able to intervene to a degree,,my_messages_csv
Actually theyre always 8 week ,,my_messages_csv
Lowkey didnt know how but then when u said that ,answer,my_messages_csv
I just have raspy throat and fever thats all ,,my_messages_csv
Its like multiplayer ,answer,my_messages_csv
We were subject to Erradication due to our race not brown people it was some other way of classification that idk ,,my_messages_csv
Yo Ill let u know when to leave as I still have to shower ,statement,my_messages_csv
Wel actually Im going to watch an episode of narcos and call it but,answer,my_messages_csv
And theyre making so much money rn ,,my_messages_csv
So I ordered something but if this is what we need then Ill cancel it and grab it,answer,my_messages_csv
How does a mitochondria work,question,my_messages_csv
Its so confusing so like in my bedroom room (router downstairs basement) it was pretty good,answer,my_messages_csv
Lemme check its MAL,answer,my_messages_csv
Yeah thats another issue,answer,my_messages_csv
U dont need to do anything but if u want anything then bring,answer,my_messages_csv
whats up yo,,said_layl:inbox
yo u finna hop on?,,said_layl:inbox
yo u wanna hop on burger king hat?,,said_layl:inbox
